,sentence
0,अमेरिका में जन्मीं अभिनेत्री तथा फैशन डिज़ाइनर जिन्हें आधिकारिक तौर पर लिज़ारे के रूप में जाना जाता हैं उनके बारे में जानने के लिए लिज़ारे मैककॉयमिसिक देखें
1,लीजा रे बंगाली লিসা রায় जन्म  अप्रैल  एक कैनेडियन अभिनेत्री तथा पूर्व फैशन मॉडल हैं
2,  जून  को उनका डाइग्नोसिस करने पर उन्हें मल्टीपल मायेलोमा से ग्रस्त पाया गया और  जुलाई  को उनके उपचार का पहला उपक्रम शुरू किया गया
3, प्रारंभिक जीवन 
4,लीसा रे का जन्म टोरंटो ओंटारियो कनाडा में एक बंगाली भारतीय पिता और एक पोलिश माता के यहां हुआ और वह टोरंटो के एक उपनगर एटोबिकोक में बड़ी हुई. उन्होंने चार उच्चविद्यालयों में पांच वर्षों की पढ़ाई में अकादमिक तौर पर अपनी श्रेष्ठता का परिचय दिया
5, उन्होंने तीन अलगअलग उच्चविद्यालयों एटोबिकोक कॉलेजिएट इंस्टिट्यूट रिचव्यू कॉलेजिएट इंस्टिट्यूट और सिल्वरथॉर्न कॉलेजिएट इंस्टिट्यूट में पढ़ाई की
6,वह अपनी नानी से पोलिश भाषा में बात करती थीं तथा अपने चलचित्रप्रेमी पिता के साथ फेडरिको फेलिनी और सत्यजित राय के फिल्म देखा करती थीं
7, भारत में एक पारिवारिक अवकाश के दौरान एक भीड़ में एक एजेंट के द्वारा रे को देखा गया था
8, उस समय वह  साल की थीं तथा उसी समय उन्होंने मॉडलिंग भी शुरू की थी
9, जीवनवृत्ति 
10,लीसा रे पहली बार लोगों को तब ध्यानाकर्षित किया जब वह बॉम्बे डाइंग के एक विज्ञापन में दिखाई दीं जिसमें वह करन कपूर की विपरीत भूमिका में हाईकट वाली काले रंग की तैराकीपोशाक पहनी हुई थीं
11, इसके बाद वह पत्रकारिता की पढ़ाई के लिए विश्वविद्यालय जाने के उद्देश्य से कनाडा लौटीं लेकिन एक सड़क हादसे ने उनकी योजनाओं पर पानी फेर दिया क्योंकि इस दुर्घटना में उनकी मां घायल हो गई थीं
12, जिसके परिणामस्वरूप वह भारत लौट आईं
13, यहां वह ग्लैड रैग्स के कवर पेज पर लाल रंग की बेवाच शैली वाली एक तैराकीपोशाक पहनी हुई दिखाई दीं
14, इस सनसनी के कारण उन्हें और ज्यादा पत्रिकाओं के कवर पेज पर देखा जाने लगा और वह स्पोक्सपर्सन के डील में भी नज़र आने लगी और अंत में उसने अपने स्वयं के शोव्यवसाय के कार्यक्रम के मेज़बान के रूप में काम भी किया
15, टाइम्स ऑफ़ इंडिया के एक जनमत सर्वेक्षण ने उन्हें सहस्राब्दी की नौवीं सर्वाधिक सुन्दर महिला का नाम दिया
16, वह इस शीर्षदस में एकमात्र मॉडल थीं
17, में उन्होंने नेताजी नामक एक तमिल फिल्म से अपनी पहली सिनेमाई शुरुआत की जिसमें उनके विपरीत अभिनेता सरत कुमार थे
18, इसमें वह एक संक्षिप्त भूमिका में दिखाई दी
19, जिसे अनदेखा कर दिया गया
20, अनगिनत भूमिकाओं के बाद  में कसूर फिल्म के साथ उन्होंने बॉलीवुड में अपना पहला कदम रखा जिसमें उनके विपरीत अभिनेता आफताब शिवदासानी थे
21, बाद में उनकी ध्वनि को दिव्या दत्ता की ध्वनि से डब कर दिया गया क्योंकि वह हिंदी नहीं बोल पाती थीं
22, उस फिल्म में उन्होंने जो काम किया उस पर दीपा मेहता की नज़र पड़ी जिन्होंने  में बॉलीवुड/हॉलीवुड में रूमानी भारतीयकैनेडियन हुड़दंगिन के किरदार के लिए रे को अभिनीत किया
23,  में उन्होंने पुनः मेहता के साथ ऑस्करमनोनीत फिल्म वाटर में काम किया
24, इसमें उन्होंने अपनी पंक्तियों को हिंदी में ही कहा यद्यपि फिल्म को अंतिम रूप देने के समय उनकी ध्वनि को डब कर दिया गया
25, उसके बाद से उन्होंने कनाडा यूरोप और संयुक्त राज्य अमेरिका की फिल्मों में ही काम किया है
26,हाल ही में निभाई गई भूमिकाओं में ऑल हैट में खेत में काम करने वाली एक लड़की ए स्टोंस थ्रो में विद्यालय की एक अध्यापिका द वर्ल्ड अनसीन में  के दशक की रंगभेद वाली दक्षिण अफ्रीका की एक गृहिणी और शमीम सैरिफ द्वारा निर्देशित एवं हास्यपूर्ण ढंग से शीर्षित आइ कांट थिंक स्ट्रेट में एक ईसाईअरब समलैंगिक स्त्री की भूमिका शामिल हैं
27, में उन्होंने किल किल फास्टर फास्टर के चलचित्रण को पूरा किया जो जोएल रोज़ द्वारा इसी नाम से लिखे गए तथा समीक्षात्मक रूप से सराहनीय उपन्यास से प्रेरित एक समकालीन फिल्म नॉइर है
28, में वह नुसरत फ़तेह अली खान की प्रसिद्द गीत आफ़रीं आफ़रीं में दिखाई दीं
29,लीसा रे को हेलो नामक पत्रिका के कैनेडियन संस्करण में देश के ' सर्वाधिक सुंदर लोगों' में से एक के रूप में प्रर्दशित किया गया है
30, व्यक्तिगत जीवन 
31,लीसा रे अपने पुराने साथी तथा अति सफल फैशन फोटोग्राफर पाओलो ज़ैम्बाल्डी के साथ रह रही हैं
32,  जून  को उनका डाइग्नोसिस करने पर उन्हें मल्टीपल मायेलोमा से ग्रस्त पाया गया जो कि प्लाज़्मा कोशिकाओं के रूप में ज्ञात सफ़ेद रक्त कोशिकाओं का एक कैंसर है जो एंटीबॉडी रोगप्रतिकारक क्षमता का उत्पादन करते हैं
33, यह एक दुर्लभ और लाइलाज बीमारी है
34, अवार्ड्स 
35,  टोरंटो अंतर्राष्ट्रीय चलचित्र समारोह में भविष्य का समर्थित सितारा 
36, टाइम्स ऑफ़ इंडिया द्वारा सहस्राब्दी की शीर्षदस सर्वाधिक सुंदर भारतीय महिला 
37, वैंकूवर क्रिटिक्स सर्कल द्वारा वाटर के लिए कैनेडियन फिल्म की सर्वश्रेष्ठ अभिनेत्री का खिताब जीता संदर्भ . ग्लो पत्रिका दिसम्बर .
38,चलचित्रसूची 
39,इन्हें भी देखें
40, ऐंड्रिता रे
41, जेनिफ़र लॉरेंस
42, केट विंसलेट
43, केट अप्टन
44, सन्दर्भ 
45, बाहरी कड़ियाँ 
46,   
47, जॉर्ज स्ट्रॉमबॉलोपॉलस के साथ द आवर पर 
48,श्रेणी में जन्मे लोग
49,श्रेणीकैनेडियन फिल्म अभिनेता
50,श्रेणीहिन्दी अभिनेत्री
51,श्रेणीभारतीय महिला मॉडल
52,श्रेणीभारतीयकैनेडियंस
53,श्रेणीपोलिश मूल के कैनेडियंस
54,श्रेणीजीवित लोग
55,श्रेणीएटोबिकोक के लोग
56,श्रेणीमॉडल
57,श्रेणीगूगल परियोजना
58, तब यह कार्य पहले मौलाना बामजीद को सौंपा गया मगर जब उन्हें भी सफलता नहीं मिली तो मौलाना अब्दुल कादिर को यह काम सौंपा गया
59, मगर कोई भी शिक्षक अकबर को शिक्षित करने में सफल न हुआ
60, असल में पढ़नेलिखने में अकबर की रुचि नहीं थी उसकी रुचि कबूतर बाजी घुड़सवारी और कुत्ते पालने में अधिक थी
61, किन्तु ज्ञानोपार्जन में उसकी रुचि सदा से ही थी
62, कहा जाता है कि जब वह सोने जाता था एक व्यक्ति उसे कुछ पढ़ कर सुनाता रह्ता था
63, समय के साथ अकबर एक परिपक्व और समझदार शासक के रूप में उभरा जिसे कला स्थापत्य संगीत और साहित्य में गहरी रुचि रहीं
64, राजतिलक 
65,शेरशाह सूरी के पुत्र इस्लाम शाह के उत्तराधिकार के विवादों से उत्पन्न अराजकता का लाभ उठा कर हुमायूँ ने १५५५ में दिल्ली पर पुनः अधिकार कर लिया
66, इसमें उसकी सेना में एक अच्छा भाग फारसी सहयोगी ताहमस्प प्रथम का रहा
67, इसके कुछ माह बाद ही ४८ वर्ष की आयु में ही हुमायूँ का आकस्मिक निधन अपने पुस्तकालय की सीढ़ी से भारी नशे की हालात में गिरने के कारण हो गया
68, तब अकबर के संरक्षक बैरम खां ने साम्राज्य के हित में इस मृत्यु को कुछ समय के लिये छुपाये रखा और अकबर को उत्तराधिकार हेतु तैयार किया
69, १४ फ़रवरी १५५६ को अकबर का राजतिलक हुआ
70, ये सब मुगल साम्राज्य से दिल्ली की गद्दी पर अधिकार की वापसी के लिये सिकंदर शाह सूरी से चल रहे युद्ध के दौरान ही हुआ
71, १३ वर्षीय अकबर का कलनौर पंजाब में सुनहरे वस्त्र तथा एक गहरे रंग की पगड़ी में एक नवनिर्मित मंच पर राजतिलक हुआ
72, ये मंच आज भी बना हुआ है
73, उसे फारसी भाषा में सम्राट के लिये शब्द शहंशाह से पुकारा गया
74, वयस्क होने तक उसका राज्य बैरम खां के संरक्षण में चला
75, राज्य का विस्तार 
76,खोये हुए राज्य को पुनः प्राप्त करने के लिये अकबर के पिता हुमायूँ के अनवरत प्रयत्न अंततः सफल हुए और वह सन्‌ १५५५ में हिंदुस्तान पहुँच सका किंतु अगले ही वर्ष सन्‌ १५५६ में राजधानी दिल्ली में उसकी मृत्यु हो गई और गुरदासपुर के कलनौर नामक स्थान पर १४ वर्ष की आयु में अकबर का राजतिलक हुआ
77, अकबर का संरक्षक बैराम खान को नियुक्त किया गया जिसका प्रभाव उस पर १५६० तक रहा
78, तत्कालीन मुगल राज्य केवल काबुल से दिल्ली तक ही फैला हुआ था
79, इसके साथ ही अनेक समस्याएं भी सिर उठाये खड़ी थीं
80, १५६३ में शम्सुद्दीन अतका खान की हत्या पर उभरा जन आक्रोश १५६४६५ के बीच उज़बेक विद्रोह और १५६६६७ में मिर्ज़ा भाइयों का विद्रोह भी था किंतु अकबर ने बड़ी कुशलता से इन समस्याओं को हल कर लिया
81, अपनी कल्पनाशीलता से उसने अपने सामंतों की संख्या बढ़ाई
82, इसी बीच १५६६ में महाम अंका नामक उसकी धाय के बनवाये मदरसे वर्तमान पुराने किले परिसर में से शहर लौटते हुए अकबर पर तीर से एक जानलेवा हमला हुआ जिसे अकबर ने अपनी फुर्ती से बचा लिया हालांकि उसकी बांह में गहरा घाव हुआ
83, इस घटना के बाद अकबर की प्रशसन शैली में कुछ बदलाव आया जिसके तहत उसने शासन की पूर्ण बागडोर अपने हाथ में ले ली
84, इसके फौरन बाद ही हेमु के नेतृत्व में अफगान सेना पुनः संगठित होकर उसके सम्मुख चुनौती बनकर खड़ी थी
85, अपने शासन के आरंभिक काल में ही अकबर यह समझ गया कि सूरी वंश को समाप्त किए बिना वह चैन से शासन नहीं कर सकेगा
86, इसलिए वह सूरी वंश के सबसे शक्तिशाली शासक सिकंदर शाह सूरी पर आक्रमण करने पंजाब चल पड़ा
87,दिल्ली की सत्ताबदल
88,दिल्ली का शासन उसने मुग़ल सेनापति तारदी बैग खान को सौंप दिया
89, सिकंदर शाह सूरी अकबर के लिए बहुत बड़ा प्रतिरोध साबित नही हुआ
90, कुछ प्रदेशो मे तो अकबर के पहुंचने से पहले ही उसकी सेना पीछे हट जाती थी
91, अकबर की अनुपस्थिति मे हेमू विक्रमादित्य ने दिल्ली और आगरा पर आक्रमण कर विजय प्राप्त की
92, ६ अक्तूबर १५५६ को हेमु ने स्वयं को भारत का महाराजा घोषित कर दिया
93, इसी के साथ दिल्ली मे हिंदू राज्य की पुनः स्थापना हुई
94,सत्ता की वापसी
95,दिल्ली की पराजय का समाचार जब अकबर को मिला तो उसने तुरन्त ही बैरम खान से परामर्श कर के दिल्ली की तरफ़ कूच करने का इरादा बना लिया
96, अकबर के सलाहकारो ने उसे काबुल की शरण में जाने की सलाह दी
97, अकबर और हेमु की सेना के बीच पानीपत मे युद्ध हुआ
98, यह युद्ध पानीपत का द्वितीय युद्ध के नाम से प्रसिद्ध है
99, संख्या में कम होते हुए भी अकबर ने इस युद्ध मे विजय प्राप्त की
100, इस विजय से अकबर को १५०० हाथी मिले जो मनकोट के हमले में सिकंदर शाह सूरी के विरुद्ध काम आए
101, सिकंदर शाह सूरी ने आत्मसमर्पण कर दिया और अकबर ने उसे प्राणदान दे दिया
102,चहुँओर विस्तार
103,दिल्ली पर पुनः अधिकार जमाने के बाद अकबर ने अपने राज्य का विस्तार करना शुरू किया और मालवा को १५६२ में गुजरात को १५७२ में बंगाल को १५७४ में काबुल को १५८१ में कश्मीर को १५८६ में और खानदेश को १६०१ में मुग़ल साम्राज्य के अधीन कर लिया
104, अकबर ने इन राज्यों में एक एक राज्यपाल नियुक्त किया
105, अकबर यह नही चाहता था की मुग़ल साम्राज्य का केन्द्र दिल्ली जैसे दूरस्थ शहर में हो इसलिए उसने यह निर्णय लिया की मुग़ल राजधानी को फतेहपुर सीकरी ले जाया जाए जो साम्राज्य के मध्य में थी
106, कुछ ही समय के बाद अकबर को राजधानी फतेहपुर सीकरी से हटानी पड़ी
107, कहा जाता है कि पानी की कमी इसका प्रमुख कारण था
108, फतेहपुर सीकरी के बाद अकबर ने एक चलित दरबार बनाया जो कि साम्राज्य भर में घूमता रहता था इस प्रकार साम्राज्य के सभी कोनो पर उचित ध्यान देना सम्भव हुआ
109, सन १५८५ में उत्तर पश्चिमी राज्य के सुचारू राज पालन के लिए अकबर ने लाहौर को राजधानी बनाया
110, अपनी मृत्यु के पूर्व अकबर ने सन १५९९ में वापस आगरा को राजधानी बनाया और अंत तक यहीं से शासन संभाला
111, प्रशासन 
112,सन्‌ १५६० में अकबर ने स्वयं सत्ता संभाल ली और अपने संरक्षक बैरम खां को निकाल बाहर किया
113, अब अकबर के अपने हाथों में सत्ता थी लेकिन अनेक कठिनाइयाँ भी थीं
114, जैसे  शम्सुद्दीन अतका खान की हत्या पर उभरा जन आक्रोश १५६३ उज़बेक विद्रोह १५६४६५ और मिर्ज़ा भाइयों का विद्रोह १५६६६७ किंतु अकबर ने बड़ी कुशलता से इन समस्याओं को हल कर लिया
115, अपनी कल्पनाशीलता से उसने अपने सामंतों की संख्या बढ़ाई
116, सन्‌ १५६२ में आमेर के शासक से उसने समझौता किया  इस प्रकार राजपूत राजा भी उसकी ओर हो गये
117, इसी प्रकार उसने ईरान से आने वालों को भी बड़ी सहायता दी
118, भारतीय मुसलमानों को भी उसने अपने कुशल व्यवहार से अपनी ओर कर लिया
119, धार्मिक सहिष्णुता का उसने अनोखा परिचय दिया  हिन्दू तीर्थ स्थानों पर लगा कर जज़िया हटा लिया गया सन्‌ १५६३
120, इससे पूरे राज्यवासियों को अनुभव हो गया कि वह एक परिवर्तित नीति अपनाने में सक्षम है
121, इसके अतिरिक्त उसने जबर्दस्ती युद्धबंदियो का धर्म बदलवाना भी बंद करवा दिया
122, मुद्रा 
123,अकबर ने अपने शासनकाल में ताँबें चाँदी एवं सोनें की मुद्राएँ प्रचलित की
124, इन मुद्राओं के पृष्ठ भाग में सुंदर इस्लामिक छपाई हुआ करती थी
125, अकबर ने अपने काल की मुद्राओ में कई बदलाव किए
126, उसने एक खुली टकसाल व्यवस्था की शुरुआत की जिसके अन्दर कोई भी व्यक्ति अगर टकसाल शुल्क देने मे सक्षम था तो वह किसी दूसरी मुद्रा अथवा सोने से अकबर की मुद्रा को परिवर्तित कर सकता था
127, अकबर चाहता था कि उसके पूरे साम्राज्य में समान मुद्रा चले
128, राजधानी स्थानांतरण 
129,पानीपत का द्वितीय युद्ध होने के बाद हेमू को मारकर दिल्ली पर अकबर ने पुनः अधिकार किया
130, इसके बाद उसने अपने राज्य का विस्तार करना शुरू किया और मालवा को १५६२ में गुजरात को १५७२ में बंगाल को १५७४ में काबुल को १५८१ में कश्मीर को १५८६ में और खानदेशवर्तमान बुढ़हानपुर महाराष्ट्र का भाग को १६०१ में मुग़ल साम्राज्य के अधीन कर लिया
131, अकबर ने इन राज्यों में प्रशासन संभालने हेतु एकएक राज्यपाल नियुक्त किया
132, उसे राज संभालने के लिये दिल्ली कई स्थानों से दूर लगा और ये प्रतीत हुआ कि इससे प्रशासन में समस्या आ सकती है अतः उसने निर्णय लिया की मुग़ल राजधानी को आगरा के निकट फतेहपुर सीकरी ले जाया जाए जो साम्राज्य के लगभग मध्य में थी
133, एक पुराने बसे ग्राम सीकरी पर अकबर ने नया शहर बनवाया जिसे अपनी जीत यानि फतह की खुशी में फतेहाबाद या फतेहपुर नाम दिया गया
134, जल्दी ही इसे पूरे वर्तमान नाम फतेहपुर सीकरी से बुलाया जाने लगा
135, यहां के अधिकांश निर्माण उन १४ वर्षों के ही हैं जिनमें अकबर ने यहां निवास किया
136, शहर में शाही उद्यान आरामगाहें सामंतों व दरबारियों के लिये आवास तथा बच्चों के लिये मदरसे बनवाये गए
137, ब्लेयर और ब्लूम के अनुसार शहर के अंदर इमारतें दो प्रमुख प्रकार की हैं सेवा इमारतें जैसे कारवांसेरी टकसाल निर्माणियां बड़ा बाज़ार चहर सूक जहां दक्षिणपश्चिम/उत्तर पूर्व अक्ष के लम्बवत निर्माण हुए हैं और दूसरा शाही भाग जिसमें भारत की सबसे बड़ी सामूहिक मस्जिद है साथ ही आवासीय तथा प्रशासकीय इमारते हैं जिसे दौलतखाना कहते हैं
138, ये पहाड़ी से कुछ कोण पर स्थित हैं तथा किबला के साथ एक कोण बनाती हैं
139,किन्तु ये निर्णय सही सिद्ध नहीं हुआ और कुछ ही समय के बाद अकबर को राजधानी फतेहपुर सीकरी से हटानी पड़ी
140, इसके पीछे पानी की कमी प्रमुख कारण था
141, फतेहपुर सीकरी के बाद अकबर ने एक चलित दरबार की रचना की जो पूरे साम्राज्य में घूमता रहता था और इस प्रकार साम्राज्य के सभी स्थानों पर उचित ध्यान देना संभव हुआ
142, बाद में उसने सन १५८५ में उत्तर पश्चिमी भाग के लिए लाहौर को राजधानी बनाया
143, मृत्यु के पूर्व अकबर ने सन १५९९ में राजधानी वापस आगरा बनायी और अंत तक यहीं से शासन संभाला
144,आगरा शहर का नया नाम दिया गया अकबराबाद जो साम्राज्य की सबसे बड़ा शहर बना
145, शहर का मुख्य भाग यमुना नदी के पश्चिमी तट पर बसा था
146, यहां बरसात के पानी की निकासी की अच्छी नालियांनालों से परिपूर्ण व्यवस्था बनायी गई
147, लोधी साम्राज्य द्वारा बनवायी गई गारेमिट्टी से बनी नगर की पुरानी चारदीवारी को तोड़कर १५६५ में नयी बलुआ पत्थर की दीवार बनवायी गई
148, अंग्रेज़ इतिहासकार युगल ब्लेयर एवं ब्लूम के अनुसार इस लाल दीवार के कारण ही इसका नाम लाल किला पड़ा
149, वे आगे लिखते हैं कि यह किला पिछले किले के नक्शे पर ही कुछ अर्धवृत्ताकार बना था
150, शहर की ओर से इसे एक दोहरी सुरक्षा दीवार घेरे है जिसके बाहर गहरी खाई बनी है
151, इस दोहरी दीवार में उत्तर में दिल्ली गेट व दक्षिण में अमर सिंह द्वार बने हैं
152, ये दोनों द्वार अपने धनुषाकार मेहराबरूपी आलों व बुर्जों तथा लाल व सफ़ेद संगमर्मर पर नीली ग्लेज़्ड टाइलों द्वारा अलंकरण से ही पहचाने जाते हैं
153, वर्तमान किला अकबर के पौत्र शाहजहां द्वारा बनवाया हुआ है
154, इसमें दक्षिणी ओर जहांगीरी महल और अकबर महल हैं
155, नीतियां 
156, विवाह संबंध 
157,आंबेर के कछवाहा राजपूत राज भारमल ने अकबर के दरबार में अपने राज्य संभालने के कुछ समय बाद ही प्रवेश पाया था
158, इन्होंने अपनी राजकुमारी हरखा बाई का विवाह अकबर से करवाना स्वीकार किया
159, विवाहोपरांत मुस्लिम बनी और मरियमउज़ज़मानी कहलायी
160, उसे राजपूत परिवार ने सदा के लिये त्याग दिया और विवाह के बाद वो कभी आमेर वापस नहीं गयी
161, उसे विवाह के बाद आगरा या दिल्ली में कोई महत्त्वपूर्ण स्थान भी नहीं मिला था बल्कि भरतपुर जिले का एक छोटा सा गांव मिला था
162, उसकी मृत्यु १६२३ में हुई थी
163, उसके पुत्र जहांगीर द्वारा उसके सम्मान में लाहौर में एक मस्जिद बनवायी गई थी
164, भारमल को अकबर के दरबार में ऊंचा स्थान मिला था और उसके बाद उसके पुत्र भगवंत दास और पौत्र मानसिंह भी दरबार के ऊंचे सामंत बने रहे
165,हिन्दू राजकुमारियों को मुस्लिम राजाओं से विवाह में संबंध बनाने के प्रकरण अकबर के समय से पूर्व काफी हुए थे किन्तु अधिकांश विवाहों के बाद दोनों परिवारों के आपसी संबंध अच्छे नहीं रहे और न ही राजकुमारियां कभी वापस लौट कर घर आयीं
166, हालांकि अकबर ने इस मामले को पिछले प्रकरणों से अलग रूप दिया जहां उन रानियों के भाइयों या पिताओं को पुत्रियों या बहनों के विवाहोपरांत अकबर के मुस्लिम ससुराल वालों जैसा ही सम्मान मिला करता था सिवाय उनके संग खाना खाने और प्रार्थना करने के
167, उन राजपूतों को अकबर के दरबार में अच्छे स्थान मिले थे
168, सभी ने उन्हें वैसे ही अपनाया था सिवाय कुछ रूढ़िवादी परिवारों को छोड़कर जिन्होंने इसे अपमान के रूप में देखा था
169,अन्य राजपूर रजवाड़ों ने भी अकबर के संग वैवाहिक संबंध बनाये थे किन्तु विवाह संबंध बनाने की कोई शर्त नहीं थी
170, दो प्रमुख राजपूत वंश मेवाड़ के शिशोदिया और रणथंभौर के हाढ़ा वंश इन संबंधों से सदा ही हटते रहे
171, अकबर के एक प्रसिद्ध दरबारी राजा मानसिंह ने अकबर की ओर से एक हाढ़ा राजा सुर्जन हाढ़ा के पास एक संबंध प्रस्ताव भी लेकर गये जिसे सुर्जन सिंह ने इस शर्त पर स्वीकार्य किया कि वे अपनी किसी पुत्री का विवाह अकबर के संग नहीं करेंगे
172, अन्ततः कोई वैवाहिक संबंध नहीं हुए किन्तु सुर्जन को गढ़कटंग का अधिभार सौंप कर सम्मानित किया गया
173, अन्य कई राजपूत सामंतों को भी अपने राजाओं का पुत्रियों को मुगलों को विवाह के नाम पर देना अच्छा नहीं लगता था
174, गढ़ सिवान के राठौर कल्याणदास ने मोटा राजा राव उदयसिंह और जहांगीर को मारने की धमकी भी दी थी क्योंकि उदयसिंह ने अपनी पुत्री जगत गोसाई का विवाह अकबर के पुत्र जहांगीर से करने का निश्चय किया था
175, अकबर ने ये ज्ञान होने पर शाही फौजों को कल्याणदास पर आक्रमण हेतु भेज दिया
176, कल्याणदास उस सेना के संग युद्ध में काम आया और उसकी स्त्रियों ने जौहर कर लिया
177,इन संबंधों का राजनीतिक प्रभाव महत्त्वपूर्ण था
178, हालांकि कुछ राजपूत स्त्रियों ने अकबर के हरम में प्रवेश लेने पर इस्लाम स्वीकार किया फिर भी उन्हें पूर्ण धार्मिक स्वतंत्रता थी साथ ही उनके सगेसंबंधियों को जो हिन्दू ही थे दरबार में उच्चस्थान भी मिले थे
179, इनके द्वारा जनसाधारण की ध्वनि अकबर के दरबार तक पहुंचा करती थी
180, दरबार के हिन्दू और मुस्लिम दरबारियों के बीच संपर्क बढ़ने से आपसी विचारों का आदानप्रदान हुआ और दोनों धर्मों में संभाव की प्रगति हुई
181, इससे अगली पीढ़ी में दोनों रक्तों का संगम था जिसने दोनों संप्रदायों के बीच सौहार्द को भी बढ़ावा दिया
182, परिणामस्वरूप राजपूत मुगलों के सर्वाधिक शक्तिशाली सहायक बने राजपूत सैन्याधिकारियों ने मुगल सेना में रहकर अनेक युद्ध किये तथा जीते
183, इनमें गुजरात का १५७२ का अभियान भी था
184, अकबर की धार्मिक सहिष्णुता की नीति ने शाही प्रशासन में सभी के लिये नौकरियों और रोजगार के अवसर खोल दिये थे
185, इसके कारण प्रशासन और भी दृढ़ होता चला गया
186, कामुकता 
187,तत्कालीन समाज में वेश्यावृति को सम्राट का संरक्षण प्रदान था
188, उसकी एक बहुत बड़ी हरम थी जिसमे बहुत सी स्त्रियाँ थीं
189, इनमें अधिकांश स्त्रियों को बलपूर्वक अपहृत करवा कर वहां रखा हुआ था
190, उस समय में सती प्रथा भी जोरों पर थी
191, तब कहा जाता है कि अकबर के कुछ लोग जिस सुन्दर स्त्री को सती होते देखते थे बलपूर्वक जाकर सती होने से रोक देते व उसे सम्राट की आज्ञा बताते तथा उस स्त्री को हरम में डाल दिया जाता था
192, हालांकि इस प्रकरण को दरबारी इतिहासकारों ने कुछ इस ढंग से कहा है कि इस प्रकार बादशाह सलामत ने सती प्रथा का विरोध किया व उन अबला स्त्रियों को संरक्षण दिया
193, अपनी जीवनी में अकबर ने स्वयं लिखा है– यदि मुझे पहले ही यह बुधिमत्ता जागृत हो जाती तो मैं अपनी सल्तनत की किसी भी स्त्री का अपहरण कर अपने हरम में नहीं लाता
194, इस बात से यह तो स्पष्ट ही हो जाता है कि वह सुन्दरियों का अपहरण करवाता था
195, इसके अलावा अपहरण न करवाने वाली बात की निरर्थकता भी इस तथ्य से ज्ञात होती है कि न तो अकबर के समय में और न ही उसके उतराधिकारियो के समय में हरम बंद हुई थी
196,आईने अकबरी के अनुसार अब्दुल कादिर बदायूंनी कहते हैं कि बेगमें कुलीन दरबारियो की पत्नियां अथवा अन्य स्त्रियां जब कभी बादशाह की सेवा में पेश होने की इच्छा करती हैं तो उन्हें पहले अपने इच्छा की सूचना देकर उत्तर की प्रतीक्षा करनी पड़ती है जिन्हें यदि योग्य समझा जाता है तो हरम में प्रवेश की अनुमति दी जाती है
197, अकबर अपनी प्रजा को बाध्य किया करता था की वह अपने घर की स्त्रियों का नग्न प्रदर्शन सामूहिक रूप से आयोजित करे जिसे अकबर ने खुदारोज प्रमोद दिवस नाम दिया हुआ था
198, इस उत्सव के पीछे अकबर का एकमात्र उदेश्य सुन्दरियों को अपने हरम के लिए चुनना था
199, गोंडवाना की रानी दुर्गावती पर भी अकबर की कुदृष्टि थी
200, उसने रानी को प्राप्त करने के लिए उसके राज्य पर आक्रमण कर दिया
201, युद्ध के दौरान वीरांगना ने अनुभव किया कि उसे मारने की नहीं वरन बंदी बनाने का प्रयास किया जा रहा है तो उसने वहीं आत्महत्या कर ली
202, तब अकबर ने उसकी बहन और पुत्रबधू को बलपूर्वक अपने हरम में डाल दिया
203, अकबर ने यह प्रथा भी चलाई थी कि उसके पराजित शत्रु अपने परिवार एवं परिचारिका वर्ग में से चुनी हुई महिलायें उसके हरम में भेजे
204, पुर्तगालियों से संबंध 
205,१५५६ में अकबर के गद्दी लेने के समय पुर्तगालियों ने महाद्वीप के पश्चिमी तट पर बहुत से दुर्ग व निर्माणियाँ फैक्ट्रियाँ लगा ली थीं और बड़े स्तर पर उस क्षेत्र में नौवहन और सागरीय व्यापार नियंत्रित करने लगे थे
206, इस उपनिवेशवाद के चलते अन्य सभी व्यापारी संस्थाओं को पुर्तगालियों की शर्तों के अधीण ही रहना पढ़ता था जिस पर उस समय के शासकों व व्यापारियों को आपत्ति होने लगीं थीं
207, मुगल साम्राज्य ने अकबर के राजतिलक के बाद पहला निशाना गुजरात को बनाया और सागर तट पर प्रथम विजय पायी १५७२ में किन्तु पुर्तगालियों की शक्ति को ध्यान में रखते हुए पहले कुछ वर्षों तक उनसे मात्र फारस की खाड़ी क्षेत्र में यात्रा करने हेतु कर्ताज़ नामक पास लिये जाते रहे
208, १५७२ में सूरत के अधिग्रहण के समय मुगलों और पुर्तगालियों की प्रथम भेंट हुई और पुर्तगालियों को मुगलों की असली शक्ति का अनुमान हुआ और फलतः उन्होंने युद्ध के बजाय नीति से काम लेना उचित समझा व पुर्तगाली राज्यपाल ने अकबर के निर्देश पर उसे एक राजदूत के द्वारा संधि प्रस्ताव भेजा
209, अकबर ने उस क्षेत्र से अपने हरम के व अन्य मुस्लिम लोगों द्वारा मक्का को हज की यात्रा को सुरक्षित करने की दृष्टि से प्रस्ताव स्वीकार कर लिया
210, १५७३ में अकबर ने अपने गुजरात के प्रशासनिक अधिकारियों को एक फरमान जारी किया जिसमें निकटवर्त्ती दमण में पुर्तगालियों को शांति से रहने दिये जाने का आदेश दिया था
211, इसके बदले में पुर्तगालियों ने अकबर के परिवार के लिये हज को जाने हेतु पास जारी किये थे
212, तुर्कों से संबंध 
213,१५७६ में में अकबर ने याह्या सलेह के नेतृत्व में अपने हरम के अनेक सदस्यों सहित हाजियों का एक बड़ा जत्था हज को भेजा
214, ये जत्था दो पोतों में सूरत से जेद्दाह बंदरगाह पर १५७७ में पहुंचा और मक्का और मदीना को अग्रसर हुआ
215, १५७७ से १५८० के बीच चार और कारवां हज को रवाना हुआ जिनके साथ मक्का व मदीना के लोगों के लिये भेंटें व गरीबों के लिये सदके थे
216, ये यात्री समाज के आर्थिक रूप से निचले वर्ग के थे और इनके जाने से उन शहरों पर आर्थिक भार बढ़ा
217, तब तुर्क प्रशासन ने इनसे घर लौट जाने का निवेदन किया जिस पर हरम की स्त्रियां तैयार न हुईं
218, काफी विवाद के बाद उन्हें विवश होकर लौटना पढ़ा
219, अदन के राज्यपाल को १५८० में आये यात्रियों की बड़ी संख्या देखकर बढ़ा रोष हुआ और उसने लौटते हुए मुगलों का यथासंभव अपमान भी किया
220,  इन प्रकरणों के कारण अकबर को हाजियों की यात्राओं पर रोक लगानी पड़ी
221, १५८४ के बाद अकबर ने यमन के साम्राज्य के अधीनस्थ अदन के बंदरगाह पर पुर्तगालियों की मदद से चढ़ाई करने की योजना बनायी
222, पुर्तगालियों से इस बारे में योजना बनाने हेतु एक मुगल दूत गोआ में अक्तूबर १५८४ से स्थायी रूप से तैनात किया गया
223, १५८७ में एक पुर्तगाली टुकड़ी ने यमन पर आक्रमण भी किया किन्तु तुर्क नौसेना द्वारा हार का सामना करना पड़ा
224, इसके बाद मुगलपुर्तगाली गठबंधन को भी धक्का पहुंचा क्योंकि मुगल जागीरदारों द्वारा जंज़ीरा में पुर्तगालियों पर लगातार दबाव डाला जा रहा था
225, धर्म 
226,अकबर एक मुसलमान था पर दूसरे धर्म एवं संप्रदायों के लिए भी उसके मन में आदर था
227, जैसेजैसे अकबर की आयु बदती गई वैसेवैसे उसकी धर्म के प्रति रुचि बढ़ने लगी
228, उसे विशेषकर हिंदू धर्म के प्रति अपने लगाव के लिए जाना जाता हैं
229, उसने अपने पूर्वजो से विपरीत कई हिंदू राजकुमारियों से शादी की
230, इसके अलावा अकबर ने अपने राज्य में हिन्दुओ को विभिन्न राजसी पदों पर भी आसीन किया जो कि किसी भी भूतपूर्व मुस्लिम शासक ने नही किया था
231, वह यह जान गया था कि भारत में लम्बे समय तक राज करने के लिए उसे यहाँ के मूल निवासियों को उचित एवं बराबरी का स्थान देना चाहिये
232, हिन्दू धर्म पर प्रभाव 
233,हिन्दुओं पर लगे जज़िया १५६२ में अकबर ने हटा दिया किंतु १५७५ में मुस्लिम नेताओं के विरोध के कारण वापस लगाना पड़ा हालांकि उसने बाद में नीतिपूर्वक वापस हटा लिया
234, जज़िया कर गरीब हिन्दुओं को गरीबी से विवश होकर इस्लाम की शरण लेने के लिए लगाया जाता था
235, यह मुस्लिम लोगों पर नहीं लगाया जाता था
236, इस कर के कारण बहुत सी गरीब हिन्दू जनसंख्या पर बोझ पड़ता था जिससे विवश हो कर वे इस्लाम कबूल कर लिया करते थे
237, फिरोज़ शाह तुगलक ने बताया है कि कैसे जज़िया द्वारा इस्लाम का प्रसार हुआ था
238,अकबर द्वारा जज़िया और हिन्दू तीर्थों पर लगे कर हटाने के सामयिक निर्णयों का हिन्दुओं पर कुछ खास प्रभाव नहीं पड़ा क्योंकि इससे उन्हें कुछ खास लाभ नहीं हुआ क्योंकि ये कुछ अंतराल बाद वापस लगा दिए गए
239, अकबर ने बहुत से हिन्दुओं को उनकी इच्छा के विरुद्ध भी इस्लाम ग्रहण करवाया था इसके अलावा उसने बहुत से हिन्दू तीर्थ स्थानों के नाम भी इस्लामी किए जैसे १५८३ में प्रयागराज को इलाहाबाद किया गया
240, अकबर के शासनकाल में ही उसके एक सिपहसालार हुसैन खान तुक्रिया ने हिन्दुओं को बलपूर्वक भेदभाव दर्शक बिल्ले उनके कंधों और बांहों पर लगाने को विवश किया था
241,ज्वालामुखी मंदिर के संबंध में एक कथा काफी प्रचलित है
242, यह १५४२ से १६०५ के मध्य का ही होगा तभी अकबर दिल्ली का राजा था
243, ध्यानुभक्त माता जोतावाली का परम भक्त था
244, एक बार देवी के दर्शन के लिए वह अपने गांववासियो के साथ ज्वालाजी के लिए निकला
245, जब उसका काफिला दिल्ली से गुजरा तो मुगल बादशाह अकबर के सिपाहियों ने उसे रोक लिया और राजा अकबर के दरबार में पेश किया
246, अकबर ने जब ध्यानु से पूछा कि वह अपने गांववासियों के साथ कहां जा रहा है तो उत्तर में ध्यानु ने कहा वह जोतावाली के दर्शनो के लिए जा रहे है
247, अकबर ने कहा तेरी मां में क्या शक्ति है  और वह क्याक्या कर सकती है  तब ध्यानु ने कहा वह तो पूरे संसार की रक्षा करने वाली हैं
248, ऐसा कोई भी कार्य नही है जो वह नहीं कर सकती है
249, अकबर ने ध्यानु के घोड़े का सर कटवा दिया और कहा कि अगर तेरी मां में शक्ति है तो घोड़े के सर को जोड़कर उसे जीवित कर दें
250, यह वचन सुनकर ध्यानु देवी की स्तुति करने लगा और अपना सिर काट कर माता को भेट के रूप में प्रदान किया
251, माता की शक्ति से घोड़े का सर जुड गया
252, इस प्रकार अकबर को देवी की शक्ति का एहसास हुआ
253, बादशाह अकबर ने देवी के मंदिर में सोने का छत्र भी चढाया
254, किन्तु उसके मन मे अभिमान हो गया कि वो सोने का छत्र चढाने लाया है तो माता ने उसके हाथ से छत्र को गिरवा दिया और उसे एक अजीब नई धातु का बना दिया जो आज तक एक रहस्य है
255, यह छत्र आज भी मंदिर में मौजूद है
256,इतिहासकार दशरथ शर्मा बताते हैं कि हम अकबर को उसके दरबार के इतिहास और वर्णनों जैसे अकबरनामा आदि के अनुसार महान कहते हैं
257, यदि कोई अन्य उल्लेखनीय कार्यों की ओर देखे जैसे दलपत विलास तब स्पष्ट हो जाएगा कि अकबर अपने हिन्दू सामंतों से कितना अभद्र व्यवहार किया करता था
258, अकबर के नवरत्न राजा मानसिंह द्वारा विश्वनाथ मंदिर के निर्माण को अकबर की अनुमति के बाद किए जाने के कारण हिन्दुओं ने उस मंदिर में जाने का बहिष्कार कर दिया
259, कारण साफ था कि राजा मानसिंह के परिवार के अकबर से वैवाहिक संबंध थे
260, अकबर के हिन्दू सामंत उसकी अनुमति के बगैर मंदिर निर्माण तक नहीं करा सकते थे
261, बंगाल में राजा मानसिंह ने एक मंदिर का निर्माण बिना अनुमति के आरंभ किया तो अकबर ने पता चलने पर उसे रुकवा दिया और १५९५ में उसे मस्जिद में बदलने के आदेश दिए
262,अकबर के लिए आक्रोश की हद एक घटना से पता चलती है
263, हिन्दू किसानों के एक नेता राजा राम ने अकबर के मकबरे सिकंदरा आगरा को लूटने का प्रयास किया जिसे स्थानीय फ़ौजदार मीर अबुल फजल ने असफल कर दिया
264, इसके कुछ ही समय बाद १६८८ में राजा राम सिकंदरा में दोबारा प्रकट हुआ और शाइस्ता खां के आने में विलंब का फायदा उठाते हुए उसने मकबरे पर दोबारा सेंध लगाई और बहुत से बहुमूल्य सामान जैसे सोने चाँदी बहुमूल्य कालीन चिराग इत्यादि लूट लिए तथा जो ले जा नहीं सका उन्हें बर्बाद कर गया
265, राजा राम और उसके आदमियों ने अकबर की अस्थियों को खोद कर निकाल लिया एवं जला कर भस्म कर दिया जो कि मुस्लिमों के लिए घोर अपमान का विषय था
266, हिंदु धर्म से लगाव 
267,बाद के वर्षों में अकबर को अन्य धर्मों के प्रति भी आकर्षण हुआ
268, अकबर का हिंदू धर्म के प्रति लगाव केवल मुग़ल साम्राज्य को ठोस बनाने के ही लिए नही था वरन उसकी हिंदू धर्म में व्यक्तिगत रुचि थी
269, हिंदू धर्म के अलावा अकबर को शिया इस्लाम एवं ईसाई धर्म में भी रुचि थी
270, ईसाई धर्म के मूलभूत सिद्धांत जानने के लिए उसने एक बार एक पुर्तगाली ईसाई धर्म प्रचारक को गोआ से बुला भेजा था
271, अकबर ने दरबार में एक विशेष जगह बनवाई थी जिसे इबादतखाना प्रार्थनास्थल कहा जाता था जहाँ वह विभिन्न धर्मगुरुओं एवं प्रचारकों से धार्मिक चर्चाएं किया करता था
272, उसका यह दूसरे धर्मों का अन्वेषण कुछ मुस्लिम कट्टरपंथी लोगों के लिए असहनीय था
273, उन्हे लगने लगा था कि अकबर अपने धर्म से भटक रहा है
274, इन बातों में कुछ सच्चाई भी थी अकबर ने कई बार रुढ़िवादी इस्लाम से हट कर भी कुछ फैसले लिए यहाँ तक कि १५८२ में उसने एक नये संप्रदाय की ही शुरुआत कर दी जिसे दीनएइलाही यानी ईश्वर का धर्म कहा गया
275, सुलहएकुल 
276,दीनएइलाही नाम से अकबर ने १५८२ में एक नया धर्म बनाया जिसमें सभी धर्मो के मूल तत्वों को डाला इसमे प्रमुखतः हिंदू एवं इस्लाम धर्म थे
277, इनके अलावा पारसी जैन एवं ईसाई धर्म के मूल विचारों को भी सम्मिलित किया
278, हालांकि इस धर्म के प्रचार के लिए उसने कुछ अधिक उद्योग नहीं किये केवल अपने विश्वस्त लोगो को ही इसमे सम्मिलित किया
279, कहा जाता हैं कि अकबर के अलावा केवल राजा बीरबल ही मृत्यु तक इस के अनुयायी थे
280, दबेस्तानएमजहब के अनुसार अकबर के पश्चात केवल १९ लोगो ने इस धर्म को अपनाया
281, कालांतर में अकबर ने एक नए पंचांग की रचना की जिसमे कि उसने एक ईश्वरीय संवत को आरम्भ किया जो उसके ही राज्याभिषेक के दिन से प्रारम्भ होता था
282, उसने तत्कालीन सिक्कों के पीछे ‘‘अल्लाहओअकबर’’ लिखवाया जो अनेकार्थी शब्द था
283, अकबर का शाब्दिक अर्थ है महान और ‘‘अल्लाहओअकबर’’ शब्द के दो अर्थ हो सकते थे अल्लाह महान हैं  या अकबर ही अल्लाह हैं
284, दीनएइलाही सही मायनो में धर्म न होकर एक आचार संहिता के समान था
285, इसमे भोग घमंड निंदा करना या दोष लगाना वर्जित थे एवं इन्हे पाप कहा गया
286, दया विचारशीलता और संयम इसके आधार स्तम्भ थे
287,यह तर्क दिया गया है कि दीनएइलैही का एक नया धर्म होने का सिद्धांत गलत धारणा है जो कि बाद में ब्रिटिश इतिहासकारों द्वारा अबुल फजल के कार्यों के गलत अनुवाद के कारण पैदा हुआ था
288, हालांकि यह भी स्वीकार किया जाता है कि सुलहएकुल की नीति जिसमें दीनईइलैही का सार था अकबर ने केवल धार्मिक उद्देश्यों के लिए नहीं बल्कि सामान्य शाही प्रशासनिक नीति का एक भाग के रूप में अपनाया था
289, इसने अकबर की धार्मिक सहानुभूति की नीति का आधार बनाया
290,  में अकबर की मौत के समय उनके मुस्लिम विषयों में असंतोष का कोई संकेत नहीं था और अब्दुल हक जैसे एक धर्मशास्त्री की धारणा थी कि निकट संबंध बने रहे
291, अकबर के नवरत्न 
292,निरक्षर होते हुई भी अकबर को कलाकारों एवं बुद्धिजीवियो से विशेष प्रेम था
293, उसके इसी प्रेम के कारण अकबर के दरबार में नौ ९ अति गुणवान दरबारी थे जिन्हें अकबर के नवरत्न के नाम से भी जाना जाता है
294, अबुल फजल १५५१  १६०२ ने अकबर के काल को कलमबद्ध किया था
295, उसने अकबरनामा की भी रचना की थी
296, इसने ही आइनएअकबरी भी रचा था
297, फैजी १५४७  १५९५ अबुल फजल का भाई था
298, वह फारसी में कविता करता था
299, राजा अकबर ने उसे अपने बेटे के गणित शिक्षक के पद पर नियुक्त किया था
300, मिंया तानसेन अकबर के दरबार में गायक थे
301, वह कविता भी लिखा करते थे
302, राजा बीरबल १५२८  १५८३ दरबार के विदूषक और अकबर के सलाहकार थे
303, ये परम बुद्धिमान कहे जाते हैं
304, इनके अकबर के संग किस्से आज भी कहे जाते हैं
305, राजा टोडरमल अकबर के वित्त मंत्री थे
306, इन्होंने विश्व की प्रथम भूमि लेखा जोखा एवं मापन प्रणाली तैयार की थी
307, राजा मान सिंह आम्बेर जयपुर के कच्छवाहा राजपूत राजा थे
308, वह अकबर की सेना के प्रधान सेनापति थे
309, इनकी बुआ जोधाबाई अकबर की पटरानी थी
310, अब्दुल रहीम खानऐखाना एक कवि थे और अकबर के संरक्षक बैरम खान के बेटे थे
311, फकीर अजिओंदिन अकबर के सलाहकार थे
312, मुल्लाह दो पिअज़ा अकबर के सलाहकार थे
313, फिल्म एवं साहित्य में 
314,अकबर का व्यक्तित्व बहुचर्चित रहा है
315, इसलिए भारतीय साहित्य एवं सिनेमा ने अकबर से प्रेरित कई पात्र रचे गए हैं
316, २००८ में आशुतोष गोवरिकर निर्देशित फिल्म जोधा अकबर में अकबर एवं उनकी पत्नी की कहानी को दर्शाया गया है
317, अकबर एवं जोधा बाई का पात्र क्रमशः ऋतिक रोशन एवं ऐश्वर्या राय ने निभाया है
318, १९६० में बनी फिल्म मुग़लएआज़म भारतीय सिनेमा की एक लोकप्रिय फिल्म है
319, इसमें अकबर का पात्र पृथ्वीराज कपूर ने निभाया था
320, इस फिल्म में अकबर के पुत्र सलीम की प्रेम कथा और उस कारण से पिता पुत्र में पैदा हुए द्वंद को दर्शाया गया है
321, सलीम की भूमिका दिलीप कुमार एवं अनारकली की भूमिका मधुबाला ने निभायी थी
322, १९९० में जी टीवी ने अकबरबीरबल नाम से एक धारावाहिक प्रसारित किया था जिसमे अकबर का पात्र हिंदी अभिनेता विक्रम गोखले ने निभाया था
323, नब्बे के दशक में संजय खान कृत धारावाहिक अकबर दी ग्रेट दूरदर्शन पर प्रदर्शित किया गया था
324, प्रसिद्ध अंग्रेजी साहित्यकार सलमान रुशदी के उपन्यास दी एन्चैन्ट्रेस ऑफ़ फ्लोरेंस अंग्रेज़ी    में अकबर एक मुख्य पात्र है
325, मुग़ल सम्राटों का कालक्रम 
326, इन्हें भी देखें 
327, मुगलएआज़म  फ़िल्म
328, जोधा अकबर  फ़िल्म
329, अकबर का मकबरा
330, अकबर के नवरत्न
331, अकबरनामा
332, सन्दर्भ 
333, बाहरी कड़ियाँ 
334,             |= 
335,   प्रयासवर्ल्डप्रेस पर
336,   कस्बा पर
337,   लखनवी ब्लॉग पर
338,   वर्ल्डप्रेस पर
339,   अकबर के उत्थान की कहानी
340,   पुस्तक देखें
341,   कस्बा पर
342,श्रेणीअकबर
343,श्रेणीभारत का इतिहास
344,श्रेणीआगरा
345,श्रेणीमुगल
346,श्रेणीमुगल बादशाह
347,श्रेणीदीन ए इलाही
348,श्रेणीहिन्दी विकि डीवीडी परियोजना
349, हर जगह कंप्यूटर सहायक सिद्ध हो रहा है
350, इसकी खोज से हर क्षेत्र में सुविधाएँ बढ़ी हैं
351, पलक झपकते ही तमाम सूचनाएँ दुनिया के कोनेकोने तक पहुँचने लगी हैं और सूचनाओं के आधार पर नित नए प्रयोगों के नए रास्ते भी खुलने लगे हैं
352,इसी तरह चिकित्सा के क्षेत्र में कैटस्कैनर रक्षा विज्ञान के क्षेत्र में मिसाइलें राडार और परमाणु अस्त्र सूचना जगत में उपग्रहों परिवहन के क्षेत्र में मोटर कारों व वायुयानों तथा कृषि के क्षेत्र में रासायनिक उर्वरकों और कृषि उपकरणों का विकास भी मिश्रित वैज्ञानिक उपलब्धियाँ हैं
353, भारत इन सभी क्षेत्रों में सहभागी है
354, आज भारत न सिर्फ दूसरे देशों से तकनीक लेकर अद्भुत कार्य कर रहा है बल्कि मौलिक स्तर पर भी अपना योगदान कर रहा है
355, भारत हर प्रकार से समाज के विभिन्न क्षेत्रों में वैज्ञानिक विकास में अग्रणी है
356, प्रसिद्ध आधुनिक भारतीय वैज्ञानिक और उनकी उपलब्धियाँ
357,आधुनिक युग में भारत में विज्ञान के विभिन्न क्षेत्रों में नएनए प्रयोग लगातार होते रहे किन्तु कुछ भारतीय वैज्ञानिक उपलब्धियों के कारण पूरी दुनिया में भारत का नाम रोशन हुआ
358, प्रमुख वैज्ञानिकों में जगदीश चंद्र बोस सी.वी. रमण होमी जहाँगीर भाभा शांतिस्वरूप भटनागर एम. एन. साहा प्रफुल्लचंद्र राय हरगोविंद खुराना आदि नाम उल्लेखनीय हैं
359, जगदीश चंद्र बोस ने उचित साधनों और उपकरणों के अभाव में भी अपना कार्य जारी रखा
360, उन्होंने लघु रेडियो तरंगों का निर्माण किया
361, विद्युत चुंबकीय तरंगों के प्रयोग उन्होंने मारकोनी से पहले ही पूरे कर लिए थे
362, पौधों में जीवन के लक्षणों की खोज उनकी महत्त्वपूर्ण उपलब्धि है
363,सी.वी. रमण एक प्रतिभावान वैज्ञानिक थे
364, उन्होंने प्रकाश किरणों की गुणधर्मिता तथा आकाश और समुद्र के रंगों की व्याख्या पर विशेष शोध किया
365, अपने शोध के लिए उन्हें  में नोबेल पुरस्कार भी मिला
366, एस. रामानुजम असाधारण प्रतिभावान गणितज्ञ थे
367, गणितीय सिद्धान्तों के क्षेत्र में उनके अनुसन्धान के कारण उन्हें बहुत यश और ख्याति मिली
368, इसी विद्वतशृंखला में एक प्रसिद्ध वनस्पति और भूभर्ग शास्त्री बीरबल साहनी भी थे
369,बीसवीं शताब्दी के पूर्वार्द्ध का शिखर छूने वाले वैज्ञानिकों में एम. एन. साहा एस.एन. बोस डी. एन. वीजिया और प्रफुल्लचंद्र राय के नाम उल्लेखनीय हैं
370, स्वतंत्रता प्राप्ति के बाद की भारतीय वैज्ञानिक उपलब्धियाँ
371,आजादी के बाद जहाँ भारत ने समाज के हर क्षेत्र में तेजी से विकास किया वहीं विज्ञान के क्षेत्र में भी अनेक उपलब्धियाँ हासिल कीं
372, स्वतंत्र भारत की प्रथम सरकार में विज्ञान और प्राकृतिक संसाधनों का एक पृथक मंत्रालय बनाया गया
373, यह मंत्रलय प्रधानमंत्री पंडित जवाहरलाल नेहरू ने अपने अधीन रखा था
374, नेहरू जी भारत के बहुमुखी विकास के लिए प्रतिबद्ध थे
375, उन्होंने वैज्ञानिक अनुसंधान के लिए सब तरह के साधन और सुविधाएँ जुटाईं
376,उपलब्ध क्षमता और प्रोत्साहन के कारण  वर्षों में ही भारत ने विश्व की वैज्ञानिक और प्रौद्योगिकी की महानतम शक्तियों में तीसरा स्थान प्राप्त कर लिया है
377, परिणामस्वरूप भारत कच्चे माल के निर्यात से अब विश्व की सर्वाधिक मजबूत औद्योगिक अर्थव्यवस्था में से एक बन गया है
378,भारत ने विज्ञान के अन्य विभिन्न क्षेत्रों में अभूतपूर्व प्रगति की है
379, खगोल विज्ञान में प्राचीन अध्ययनों के आधार पर ही भारत के वैज्ञानिक अंतरिक्ष अनुसंधान कार्यों में लगे हैं
380, आज भारत के अंतरिक्ष वैज्ञानिक अपने बलबूते पर उपग्रह बनाकर और अपने ही शक्तिशाली रॉकेटों से उन्हें अंतरिक्ष में स्थापित करने में समर्थ हैं
381, पूर्णतः स्वदेश में निर्मित ध्रुवीय प्रक्षेपण यान पी.एस.एल.वी.सी.  ने  मई  को  बजकर  मिनट पर श्रीहरिकोटा से एक सफल उड़ान भरी और एक भारतीय उपग्रह तथा दो विदेशी उपग्रहों को अंतरिक्ष में निर्धारित कक्षा में स्थापित कर दिया
382, अंतरिक्ष कार्यक्रमों में भारत काफ़ी आगे पहुँच चुका है
383, इसके साथ ही भारत के दूर संवेदी नेटवर्क में  ग्रह शामिल हो गए हैं
384, हमारा यह दूर संवेदी नेटवर्क संसार का सबसे बड़ा दूरसंवेदी नेटवर्क है
385, अंतरिक्ष कार्यक्रमों का विकास संचार माध्यमों तथा रक्षा मामले संबंध सफलताओं में काफ़ी सहायक सिद्ध हुआ है
386, आज भारत विभिन्न दूरियों तक मार करने वाले प्रक्षेपास्त्र बनाने में समर्थ है
387, प्रतिरक्षा के क्षेत्र में अनेक उल्लेखनीय सफलताएँ मिली हैं
388,भारत ने परमाणु ऊर्जा के क्षेत्र में भी आश्चर्यजनक प्रगति की है
389, परमाणु ऊर्जा का मुख्यतः उपयोग कृषि और चिकित्सा जैसे शांतिपूर्ण कार्यों के लिए किया जा रहा है
390, परमाणु और अंतरिक्ष से जुड़ा विषय इलैक्ट्रॉनिकी है
391, भारत ने सूचना प्रौद्योगिकी के क्षेत्र में आश्चर्यजनक प्रगति की है
392, परम  सुपर कंप्यूटर बनाकर हम इस क्षेत्र में अग्रणी देशों की पंक्ति में आ गए हैं
393, हम अब सूचना प्रौद्योगिकी से संबंधित उपकरणों का निर्यात विकसित देशों को भी कर रहे हैं
394, भारत के सूचना प्रौद्योगिकी में प्रशिक्षित इंजीनियरों की अमेरिका ब्रिटेन जर्मनी और जापान जैसे विकसित देशों में भारी माँग है
395,वैज्ञानिक अनुसंधानों के बलबूते पर भारत ने जलयान निर्माण रेलवे उपकरण मोटर उद्योग कपड़ा उद्योग आदि में आशातीत सफलता प्राप्त की है
396, आज हम भारत की उद्योगशालाओं में बनी अनेक वस्तुओं का निर्यात करते हैं
397,इन्हें भी देखें
398,भारतीय विज्ञान एवं प्रौद्योगिकी का इतिहास
399,भारतीय धातुकर्म का इतिहास
400,रसशास्त्र
401, बाहरी कड़ियाँ
402,श्रेणीभारत
403,श्रेणीविज्ञान
404,श्रेणीप्रौद्योगिकी
405, औद्योगिक गैस
406, ऑक्सीजनआर्गन अनुपात दो शारीरिक रूप से समान गैसों का अनुपात है जो विभिन्न क्षेत्रों में महत्व है
407, इसी प्रकार क्रांति के दौरान यह विचार आया कि क्रांति को स्थायी और सुदृढ़ रखने के लिए इसे यूरोप के अन्य देशों में भी विस्तारित किया जाएं
408, इसमें एक ऐसे युद्ध की कल्पना की गई जिसमें फ्रांसीसी सेनाएं पड़ोसी देशों में प्रवेश कर वहां के स्थानीय क्रांतिकारियों से मिलकर राजतंत्र को अपदस्थ कर गणतंत्रों की स्थापना करती है
409,फ्रांस की क्रांति मात्र एक राष्ट्रीय घटना नहीं थी अपितु सिद्धान्तों स्वतंत्रता समानता एवं बंधुत्व के नारों से संपूर्ण यूरोप गूंज उठा
410, क्रांति के प्रभाव इतने दूरगामी रहे कि समस्त यूरोप इससे आच्छादित हुआ
411, इसी संदर्भ में कहा गया “यदि फ्रांस को जुकाम होता है तो समस्त यूरोप छींकता है
412,”
413, क्रांति सुनियोजित नहीं थी 
414,फ्रांस की क्रांति रूसी क्रांति के समान सुनियोजित नहीं थी
415, वस्तुतः रूसी क्रांति बोल्शेविकों द्वारा सुनियोजित थी और उसका उद्देश्य सत्ता हासिल कर सर्वहारा का शासन स्थापित करना था लेकिन फ्रांसीसी क्रांति शुरू से अंत तक घटनाओं और परिस्थितियों का शिकार रहीं और घटनाएं इस तरह से नहीं घटी जिस तरह से क्रांतिकारियों ने चाहा बल्कि घटनाओं ने क्रांतिकारियों को अपना रास्ता बदलने के लिए मजबूर किया
416, स्टेट्स जनरल की बैठक में यदि तृतीय स्टेट की बात अन्य स्टेट्स ने मान ली होती तो क्रांति का रूख दूसरा होता
417, इसी प्रकार आतंक का राज्य और डायरेक्टरी के शासन भी सुनियोजित ढंग से नहीं चले
418, इस दृष्टि से यह क्रांति अव्यवस्थित थी
419, 'सामाजिक क्रांति' के रूप में 
420,फ्रांसीसी क्रांति के मूल में तत्कालीन फ्रांसीसी समाज की दुरावस्था भी एक महत्वपूर्ण कारक थी
421, पूरा समाज विशेषाधिकार प्राप्त और अधिकार विहीन वर्गों में विभक्त था
422, कृषकों की स्थिति करों के बोझ से खराब थी तो दूसरी तरफ उन्हें सामंतों के अत्याचार तथा चर्च के हस्तक्षेप से भी शोषण का शिकार होना पड़ता था
423, इन स्थितियों ने क्रांति को राह दिखाई और क्रांतिकारियों ने इसी असमानता के विरूद्ध आवाज बुलंद की और स्वतंत्रता समानता तथा बंधुत्व का नारा दिया
424, क्रांति के दौरान ही सामंतवाद के अंत की घोषणा हुई विशेषाधिकारों को खत्म किया गया
425, अधिनायकवादी स्वरूप 
426,फ्रांसीसी क्रांति में सर्वसाधारण की भागेदारी रहीं थी किन्तु उनके हितों को नजरंदाज करके क्रांति ने अधिनायकवाद का रूप धारण कर लिया जिसमें किसी एक व्यक्ति के सिद्धान्तों और इच्छाओं की प्रधानता थी
427, वस्तुतः क्रांति के दौरान रॉबस्पियर के नेतृत्व में एक तानाशाही सरकार या अधिनायकतंत्र की स्थापना हुई थी और आगे चलकर नेपालियन ने भी अधिनायकतंत्र की स्थापना की
428, प्रगतिशील क्रांति के रूप में 
429,फ्रांस की क्रांति वहां की पुरातन व्यवस्था में व्याप्त तमाम विकृतियों विसंगतियों एवं बुनियादी दोषों के विरूद्ध एक सशक्त प्रतिक्रिया थी
430, क्रांति ने निरंकुश राजतंत्र असमानता पर आधारित फ्रांसीसी समाज विलासितापूर्ण पादरी वर्ग तथा आर्थिक दिवालियेपन के संकट से जूझ रहे कुशासन का अंत कर फ्रांस में प्रजातांत्रिक शासन प्रणाली का मार्ग प्रशस्त किया
431, इस दृष्टि से इसे दृष्टि से इसे प्रगतिशील क्रांति के रूप में देखा जा सकता है
432,इतना ही नहीं मानवधिकारों की घोषणा स्वतंत्रता समानता व बंधुत्व के नारे तथा राष्ट्रीयता की विचारधारा से समस्त विश्व के नारे तथा राष्ट्रीयता की विचारधारा से समस्त विश्व को अवगत कराया परिणामस्वरूप विश्व के कई देशों में राजनीतिक अधिकारों की मांग को लेकर जनांदोलन होने लगे
433, इटली एवं जर्मनी के एकीकरण की भावना को प्रोत्साहन मिला
434, धर्म और राजनीति के पृथक्करण का मुद्दा पहली बार इस क्रांति के दौरान उठा
435, राज्य और राजनीति धर्म से अलग किए गए
436,फ्रांस में ही क्रांति क्यों
437,विश्व इतिहास में फ्रांस की राज्य क्रांति को विशिष्ट महत्व प्राप्त है यह मानव इतिहास की एक महत्वपूर्ण घटना मानी जाती है
438, इसमें न केवल फ्रांस बल्कि युरोप के जन जीवन में अमुल्य परिवर्तन ला दिया इसमें शदियों से चली आ रही सामंती व्यवस्था को नष्ट कर आधुनिक लोकतांत्रिक व्यवस्था का मार्ग प्रास्त किय
439, राजतंत्र की निरंकुशता समाप्त हुई और लोकतांत्रिक वातावर्ण में लोगों ने चैन की साँस ली
440,इस समय हमारे सामने यह प्रशन उठता है कि  ई. में क्रांति का सुत्रपात अन्य युरोप देशों में न होकर पहले फ्रांस में ही क्यों हुई
441,  वीं शताब्दी के युरोप राष्ट्रों का अध्ययन करने से ज्ञात होता है कि उस समय फ्रांस की जो स्थिति थी उससे भी बदतर अन्य यूरोप राष्ट्रों की थी
442, निरंकुश राजतंत्र सुविधा युक्त वर्ग और करों के असाहनीय भार से दबा हुआ था
443, साधारण वर्ग प्राय सभी युरोप देशों में मौजुद थे
444, कुछ राज्यों की स्थिति तो फ्रांस से भी अधिक विकृत थी प्रशा आस्ट्रिया और रुस आदि फ्रांस से भी अधिक विकृत थे
445, फ्रांसीसी कृषक अन्य यूरोप राष्ट्रों की अपेक्षा खुसहाल थे
446, साधारण वर्ग की स्थिति अन्य युरोप राज्यों में और भी खराब थी
447, फिर भी क्रांति इन देशों में न होकर पहले फ्रांस में ही हुई
448, इसका प्रमुख कारण यह था की फ्रांस लोग अपनी स्थिति के प्रति जागरुक थे
449, क्रांति के लिए यह कोई आवश्यक शर्त नहीं कि इसका विस्फोट उसी देशों में हो जहाँ के लोग अत्याचार अनाचार और शोषण के शिकार हो
450, समृद्ध और उन्नत देश में भी क्रांति हो सकती है
451, बशर्ते उसके निवासी यह महसुस करे कि उनके साथ अन्याय हो रहा है
452, फ्रांस की जनता इस अन्याय को महसुस कर रही थी
453, और से दूर करना चाहती थी
454, वहाँ ऐसे अनेक दार्शनिक और लेखक पैदा हुए जिन्होंने अपनी लेखनी के द्वारा इन कष्टों की ओर लोगों का ध्यान आकृष्टि कराया अन्य युरोपीय देशों की बदतर स्थिति के बावजुद फ्रांस में सर्वप्रथम लुई सोलवाँ के खिलाफ क्रांति हुई
455, इस क्रांति के अनेक कारण थे जो इस प्रकार है
456,फ्रासीसी सामंतों का बदला हुआ स्वरुप और किसानो की उन्नत अवस्था
457,फ्रांसीसी किसानों की उन्नत अवस्था और सामंतवाद का बदला हुआ स्वरुप ऐसा कारण था
458, जिसके चलते फ्रांस में सर्व प्रथम राज्यक्रांति हुई
459, यूरोपीय देश के किसान अभी उदासी की स्थिति में थे
460, परन्तु फ्रांस के किसान स्वतंत्र हो चुके थे
461, उनके पास अपनी जमीन अपना मकान इतनी सुविधा के बावजुद सामंत कर एवं सामंत सेवाओं का अंत नहीं हुआ था उन्हें अपनी आमदनी का बहुत बड़ा हिस्सा सामंत कर के रूप में चुकाना पड़ता था
462, और फिर भी उसकी स्थिति अच्छी धी
463, वे पैसे बचाकर कुछ न कुछ जमीन खरीद लिया करते थे जमीन खरीदने की भूख निरंतर बढ़ती जा रही थी इसमें सामंत कर व बेरोजगारी बाधक थे अत वे सामंत पेशों को हटाने की बात सोच रहे थे अत माध्यम वर्ग के नेतृत्व में उन्हे बल मिला और  ई. में उन्होंने विद्रोह कर दिया
464,फ्रांस में उदार निरंकुशता की परंपरा का आभाव
465,अन्य यूरोपीय देशों में भी निरंकुश राजतंत्र था
466, परन्तु वहाँ के सम्राटों ने समयनुसार अपनी निरंकुशता में कमी कर दी थी
467, प्रशा का राजा फ्रेडिरक अपने समय का महान प्रबुद्ध प्रशासक था
468, जिसका 
469,अनुसरण यूरोप के अन्य देश रुस जर्मनी इटली स्पेन आदि ने किया
470, उन्होने समयनुसार जाता की आर्थिक भौतिक तथा अन्य क्षेत्रों में उन्नत करने का यथा संभव प्रयास किया
471, परन्तु फ्रांस में इस तरह कि उदार निरंकुशता का आभाव था
472, वहाँ के राजा जनता की भलाई के लिए कुछ नहीं कर रहे थे
473, बल्कि अधिक टैक्स वसुलना और जनता का शोषण करना उनकी नीति बन गई थी
474, इसलिए फ्रांस की जनता इससे उब गई थी इसलिए फ्रांस की जनता निरंकुश राजतंत्र को समाप्त करना चाहती थी
475,माद्यम वर्ग की जागरुकता
476,फ्रांस में ही सर्वप्रथम क्रांति होने का कारण वहाँ का मध्यमवर्ग था
477, अन्य देशों में भी मध्यम वर्ग थी परन्तु वे फ्रांस की तरह सांस्कृति धनी एवं शिक्षित नहीं थे
478, उनमें शक्ति का आभाव था
479, वे राजा के खिलाफ बगावत करने की सोच नहीं सकते थे
480, फ्रांस में मध्यम वर्ग के लोग अनेक कारण से अपने सम्राटों से असंतुष्ट थे
481, और अपनी रक्षा के लिए राज सत्ता पर अंकुश लगाने के लिए उतावला हो रहे थे
482, अन्य यूरोपीय राज्यों में इस तरह की स्थिति का अभाव था
483, अन्य देशों में नेतृत्व करने वाला कोई नहीं था फ्रांस में जागरुक मध्यमवर्ग तैयार था
484, अत सर्वप्रथम फ्रांस में ही क्रांति हुई
485,कुलीनवर्ग की अनुपयोगिता
486,कुलीन वह्ग को पहसे विशेषधिकार इस लिए दिया गया था कि वे शासन चलाने में राजा की मदद करे
487, और वे जनाता की रक्षा भी करते थे
488, परन्तु धीरे –  यह कार्य राजा के कर्मचारी करने लगा
489, फलत कुलीनों की उपयोगिता समाप्त हो गई
490, फिर भी इसके विशेषधिकार में किसी प्रकार की कटौती नहीं की गई
491, इसलिए किसान और मध्यम वर्ग के लोग कुलिनवर्ग से घृणा करने लगे
492, अन्य देशों में ऐसी बात नहीं थी
493, वहाँ अभी भी कुलीनों कि पयोगिता बनी हुई थी
494,दार्शनिकों का प्रभाव
495, वीं शताब्दी में सम्पूर्ण यूरोप में बौदिक हलचल मची हुई थी
496, दार्शनिक विचारक वाज्ञानिक सभी देशों में विद्धमान थे
497, परन्तु उनमें मुख्य फ्रांस के विचारक थे
498, जिन्होंने क्रांति का मनोवैज्ञानिक आधार प्रस्तुत किया
499, उन्होंने समाज में वयप्त बुराईयों की ओर लोगों का ध्यान आकृष्ट कराया और मुक जनता को वाणी दी
500, इस तरह का प्रयास अन्य देशों में नहीं किया जा रहा था
501, मान्टेग्यु वाल्टेयर रुसो आदि विचारकों का कार्य क्षेत्र फ्रांस ही था
502, आस्ट्रिया प्रशा और रुस में इस तरह के विचारक नहीं थे
503, यूरोप के अन्य देशों में लोगों का उनकी वास्तविक स्थिति बताने वाला और उनमें संतोष पैदा करने वाला दार्शनिकों का कोई वर्ग नहीं था
504, फ्रांस में ही क्रांति होने का यह एक प्रमुख कारण था
505,राजनीतिक सहभागिता का आभाव
506,इंगलैण्ड में जब मध्यम वर्ग ने जागरुकता आई तो उसे देश की राजनीति में भाग लेने का अवसर दिया गया
507, परन्तु फ्रांस के साथ ऐसी बात नहीं थी
508, फ्रांस का मध्यम वर्ग अपने सम्राटों से काफी असंतुष्ट था
509, उनकी अपेक्षा की जाती थी
510, शिक्षित होने के बावजूद उन्हें कुलीनों की तरह प्रतिष्ठा उपलब्ध नहीं थी
511, उन्हें फ्रांस की राजनीति में भाग लेने का अवसर नहीं दिया जाता था
512, इसलिए उन्होने असंतुष्ट होकर क्रांति का नारा बुलंद किया
513,अयोग्य राजा तथा प्रशासन में भ्रष्टाचार
514,फ्रांस की राजनितिक व्यवस्था केन्द्रीकृत थी लेकिन राजा अयोग्य थे
515, प्रशासन में भ्रष्टाचार का बोलबाला था
516, यूरोप के अन्य देशों में निरंकुश शासन तोथा परन्तु राजा योग्य थे और शासन पर उनका पुर्ण नियंत्रण था
517, फ्रांस का माध्यम वर्ग इस प्रशासनिक भ्रष्टाटार को महसूस कर रहा था
518, तथा इसलिए वह विद्रोह करने के लिए तैयार था
519,राष्ट्रीय भावना का उदय
520,इस समय यूरोप में तेजी से राष्ट्रीय भावना का उदय होने लगा
521, सम्पूर्ण यूरोप में फ्रांस ही एक ऐसा देश था जहाँ एक राष्ट्र भावना का पूर्णत अभाव था
522, इसके चलते भी सर्वप्रथम फ्रांस में ही क्रांति हुई
523,अमेरिकी स्वतंत्रता संग्राम का प्रभाव
524, ई. में अमेरिकन स्वतंत्रता संग्राम प्रारंभ हुआ
525, जिमें अमेरिका के लोगों ने इंगलैण्ड के खिलाफ विद्रोह कर कर दिया
526, फ्रांस के सैनिकों को भी इस स्वतंत्रता संग्राम में भाग लेने का अवसर मिला अत उन्होने यह महसुस किया कि युद्ध के द्वारा स्वतंत्रता प्राप्ति की जा सकती है
527, उन्होंने यह भी अनुभव किया कि स्वतंत्रता सो ही सुख की प्राप्ति संभव है
528, फ्रांस लौटने पर उन्होने देखा की जिस स्वतंत्रता को लिए उन्होनें अमेरिका में युद्ध किया उसी स्वतंत्रता का फ्रांस में पूर्णत आभाव है
529, अत वे यहाँ की क्रांति के लिए बेचैन हो उठे और युद्ध के द्वारा स्वतंत्रता प्राप्त करने की चेष्टा करने लगे
530, यूरोप के अन्य देशों में ऐसी बात नहीं थी
531,फ्रांसीसी सभ्यता की श्रेष्ठता
532,फ्रांस में ही क्रांति होने का एक विशिष्ट कारण यह था कि यहाँ की सभ्यता और सांस्कृति अन्य यूरोप की सभ्यता और सांस्कृति अन्य यूरोप राष्ट्रों की अपेक्षा अधिक समृद्ध और वैभव पूर्ण थी
533, शासन व्यवस्था की दृष्टि से भी फ्रांस का शासन अत्यधिक सुवयवस्थित था
534, फ्रांस सम्पूर्ण यूरोप सभ्यता और सांस्कृति का प्रतिक माना जाता है
535, सम्पूर्ण यूरोप में पेरिस साहित्य और चिंतन का सबसे बड़ा केन्द्र माना जाता है
536, फ्रांस जनमत अन्य यूरोप राज्यों की अपेक्षा अधिक जागृत और आलोचनात्मक था
537, इन सभी कारणों के फलस्वरुप  ई. में अन्य यूरोप राज्यों में क्रांति न होकर सर्वप्रथम फ्रांस में ही क्राति हुई
538, इन्हें भी देखें 
539, संबंधित पेज 
540,  
541, लोकतंत्र के इतिहास
542, जीन निकोलस पचे  लिबरते इगालाईट फ्रेतार्नाईट
543, ला रेवोल्यूशन फ़्रेन्काइस फिल्म
544, फ्रांसीसी क्रांति के दौरान फ्रांस की मानद नागरिकता प्राप्त करने वाले लोगों की सूची
545, क्रांतियों और विद्रोहों की सूची
546, नेपोलियन बोनापार्ट की सैन्य कैरियर
547, नेपोलियन की संकेतलिपि
548, यूरोप में राष्ट्रवाद का उत्थान
549, फ्रांसीसी इतिहास में अन्य क्रांतियां या विद्रोह 
550, कामिसर्द विद्रोह फ्रेंच हुगुएनोट्स 
551, हाईटियन क्रांति हैती कॉलोनी 
552, जुलाई क्रांति 
553,  की फ्रांसीसी क्रांति
554,  के पेरिस कम्यून
555, फ्रांसीसी सेना विद्रोह 
556, मई  फ्रांस में एक उल्लेखनीय विद्रोह हालांकि एक क्रांति के लिए काफी नहीं
557, सन्दर्भ 
558,             |= 
559,          ç        .
560, उद्धृत कार्य 
561,     
562,     
563, ऐतिहासिक युग 
564, बाहरी सम्बन्ध 
565, कोलंबिया विश्वकोश से  में प्रवेश
566, इंटरनेट आधुनिक इतिहास स्रोत पुस्तक से 
567,  सेंटर फॉर हिस्ट्री एंड न्यू मिडिया जोर्ज मेसन विश्विद्यालय और अमेरिकन सोशल हिस्ट्री प्रोजेक्ट सिटी यूनिवर्सिटी न्यू यार्क के द्वारा एक सहयोगी साईट.
568,   और  दी हिस्ट्री गाइड से तीन निबंध आधुनिक यूरोपीय बौद्धिक इतिहास पर व्याख्यान
569,श्रेणीफ़्रांस का इतिहास
570,श्रेणी वीं सदी के विद्रोह
571,श्रेणी वीं सदी की क्रांति
572,श्रेणीगूगल परियोजना
573,श्रेणीफ्रांसीसी क्रान्ति
574, भगवान दास भारत रत्न
575, समता प्रसाद गुदई महाराज तबला वादक पद्मश्री
576,जय शंकर प्रसाद   हिंदी साहित्यकार
577,प्रेमचंद  हिंदी साहित्यकार 
578,भारतेंदु हरिश्चंद्र  हिंदी साहित्यकार
579, सन्दर्भ ग्रन्थ 
580, बृहदारण्यक उपनिषद अध्याय २ खण्ड १ श्लोक१
581, कौषीतकी उपनिषद अध्याय ४ खण्ड१
582,       |=     
583,      |=     
584, पाणिनि के अष्टाध्यायी ४/२/११
585, ऋग्वेद १/१३०/
586, रघुवंश ७/६१० एवं कुमारसंभवम् ७/५/य
587, नाट्य शास्त्र पृ. ३६३०४
588,      |=     
589,      |=     
590,      |=     
591,      |=     
592,      |=     
593,      |=     
594,      |=     
595,      |=     
596,      |=     
597,      |=     
598, टीका टिप्पणी 
599, क. अविमुक्तं समासाद्य तीर्थसेवी कुरुद्वह
600, दर्शनादेवदेस्य मुच्यते ब्रह्महत्यया ॥
601, ख. ततो वाराणसीं गत्वा देवमच्र्य वृषध्वजम्
602, कपिलाऊदमुपस्पृश्य राजसूयफलं लभेत् ॥
603, ग. भौमानामपि तीर्थनां पुणयत्वे कारणं ॠणु
604, यथा शरीरस्योधेशा केचित् पुण्यतमा समृता॥
605,पृथिव्यामुधेशा केचित् पुण्यतमा समृता
606, प्रभावाध्दभुताहभूमे सलिलस्य च तेजसा
607,परिग्रहान्युनीमां च तीर्थानां पुण्यता स्मृता॥
608, घ. अविमुक्तं वै देवानां देवयजनं सर्वेषां भूतानां ब्रह्मसदनमत्र हि जन्तो
609,प्राणोषूत्क्रममाणेषु रुद्रस्ताखं ब्रह्म व्याचष्टे येना सावमृततीभूत्वा
610,मोक्षीभवती तस्मादविमुक्तमेव निषेविताविमुक्तं न विमुंचेदेवमेवैतद्याज्ञवल्क्यः
611, च. अविमुक्तं समासाद्य तीर्थसेवी कुरुद्वह
612,दर्शनादेवदेस्य मुच्यते ब्रह्महत्यया॥
613, छ. ततो वाराणसीं गत्वा देवमच्र्य वृषध्वजम्
614, कपिलाऊदमुपस्पृश्य राजसूयफलं लभेत् ॥
615, झ. द्वादश ज्योतिर्लिंग स्तोत्रम्
616,सौराष्ट्रे सोमनाथं च श्रीशैले मल्लिकार्जुनम्
617, उज्जयिन्यां महाकालमोंकारममलेश्वरम्॥
618,परल्यां वैद्यनाथं च डाकिन्यां भीमशंकरम्
619, सेतुबन्धे तु रामेशं नागेशं दारुकावने॥
620,वाराणस्यां तु विश्वेशं त्र्यम्बकं गौतमीतटे
621, हिमालये तु केदारं घुश्मेशं च शिवालये॥
622,एतानि ज्योतिर्लिंगानि सायं प्रातः पठेन्नरः
623, सप्तजन्मकृतं पापं स्मरणेन विनश्यति॥
624,एतेशां दर्शनादेव पातकं नैव तिष्ठति
625, कर्मक्षयो भवेत्तस्य यस्य तुष्टो महेश्वराः॥
626,अर्थातसौराष्ट्र प्रदेश काठियावाड़ में श्री सोमनाथ श्रीशैल पर श्री मल्लिकार्जुन उज्जयिनी में श्री महाकाल ओंकारेश्वर अमलेश्वर परली में वैद्यनाथ डाकिनी नामक स्थान में श्रीभीमशंकर सेतुबंध पर श्री रामेश्वर दारुकावन में श्रीनागेश्वर वाराणसी काशी में श्री विश्वनाथ गौतमी गोदावरी के तट पर श्री त्र्यम्बकेश्वर हिमालय पर श्रीकेदारनाथ और शिवालय में श्री घृष्णेश्वर को स्मरण करें
627, जो मनुष्य प्रतिदिन प्रातःकाल और संध्या के समय इन बारह ज्योतिर्लिंगों का नाम लेता है उसके सात जन्मों का किया हुआ पाप इन लिंगों के स्मरणमात्र से मिट जाता है
628, सन्दर्भ 
629, बाहरी कड़ियाँ 
630,  सभी मुख्य मंदिर एवं घाट चिह्नित
631,श्रेणीवाराणसी जिले के शहर
632,श्रेणीहिन्दू पवित्र शहर
633,श्रेणीप्राचीन भारतीय शहर
634,श्रेणीहिन्दू तीर्थ स्थल
635,श्रेणीभारत के रजवाड़े
636,श्रेणीशैव धर्म
637,श्रेणीवाराणसी
638,श्रेणीशक्ति पीठ
639,श्रेणी१८५७ के भारतीय स्वतंत्रता संग्राम के स्थल
640,श्रेणीबौद्ध धार्मिक स्थल
641,श्रेणीआज का आलेख
642,श्रेणीपूर्व भारतीय राजधानियां
643,श्रेणीभारत के घाट
644,श्रेणीहिन्दी विकि डीवीडी परियोजना
